{"cameraMode":{"drawMode":0,"name":"Shaded","section":"Shading Mode"},"sceneLighting":false,"audioPlay":false,"sceneViewState":{"m_AlwaysRefresh":false,"showFog":true,"showSkybox":false,"showFlares":true,"showImageEffects":true,"showParticleSystems":true,"showVisualEffectGraphs":true,"m_FxEnabled":true},"in2DMode":false,"pivot":{"x":977.8065185546875,"y":84.06194305419922,"z":-78.8643569946289},"rotation":{"x":0.18230435252189637,"y":0.022081969305872918,"z":-0.0033244688529521229,"w":0.9832509160041809},"size":53.00309371948242,"orthographic":false}