{"cameraMode":{"drawMode":0,"name":"Shaded","section":"Shading Mode"},"sceneLighting":false,"audioPlay":false,"sceneViewState":{"m_AlwaysRefresh":false,"showFog":true,"showSkybox":false,"showFlares":true,"showImageEffects":true,"showParticleSystems":true,"showVisualEffectGraphs":true,"m_FxEnabled":true},"in2DMode":false,"pivot":{"x":-0.04617786407470703,"y":0.20571357011795045,"z":-0.07866378128528595},"rotation":{"x":-0.2717594802379608,"y":-0.5765120387077332,"z":0.2111964374780655,"w":-0.7412489056587219},"size":0.3729604482650757,"orthographic":false}