{"cameraMode":{"drawMode":0,"name":"Shaded","section":"Shading Mode"},"sceneLighting":false,"audioPlay":false,"sceneViewState":{"m_AlwaysRefresh":false,"showFog":true,"showSkybox":false,"showFlares":true,"showImageEffects":true,"showParticleSystems":true,"showVisualEffectGraphs":true,"m_FxEnabled":true},"in2DMode":false,"pivot":{"x":-0.076020248234272,"y":0.03530710190534592,"z":0.3490279018878937},"rotation":{"x":0.004926512949168682,"y":0.9824531078338623,"z":-0.18669508397579194,"w":0.02059987001121044},"size":0.14451497793197633,"orthographic":false}