{"cameraMode":{"drawMode":0,"name":"Shaded","section":"Shading Mode"},"sceneLighting":false,"audioPlay":false,"sceneViewState":{"m_AlwaysRefresh":false,"showFog":true,"showSkybox":false,"showFlares":true,"showImageEffects":true,"showParticleSystems":true,"showVisualEffectGraphs":true,"m_FxEnabled":true},"in2DMode":false,"pivot":{"x":-0.27508729696273806,"y":-0.008166611194610596,"z":-0.2369365245103836},"rotation":{"x":-0.2511770725250244,"y":0.5646435022354126,"z":-0.18682830035686494,"w":-0.7639857530593872},"size":0.513259768486023,"orthographic":false}