{"cameraMode":{"drawMode":0,"name":"Shaded","section":"Shading Mode"},"sceneLighting":false,"audioPlay":false,"sceneViewState":{"m_AlwaysRefresh":false,"showFog":true,"showSkybox":false,"showFlares":true,"showImageEffects":true,"showParticleSystems":true,"showVisualEffectGraphs":true,"m_FxEnabled":true},"in2DMode":false,"pivot":{"x":590.1255493164063,"y":171.50807189941407,"z":-621.7716674804688},"rotation":{"x":-0.01380307599902153,"y":0.011266614310443402,"z":-0.0010681143030524254,"w":-1.0000923871994019},"size":53.00309371948242,"orthographic":false}