{"cameraMode":{"drawMode":0,"name":"Shaded","section":"Shading Mode"},"sceneLighting":false,"audioPlay":false,"sceneViewState":{"m_AlwaysRefresh":false,"showFog":true,"showSkybox":false,"showFlares":true,"showImageEffects":true,"showParticleSystems":true,"showVisualEffectGraphs":true,"m_FxEnabled":true},"in2DMode":false,"pivot":{"x":-0.004773065447807312,"y":0.15236610174179078,"z":0.031994953751564029},"rotation":{"x":-0.3178268373012543,"y":0.33147984743118288,"z":-0.12074219435453415,"w":-0.8803631067276001},"size":0.1990107297897339,"orthographic":false}