{"cameraMode":{"drawMode":0,"name":"Shaded","section":"Shading Mode"},"sceneLighting":false,"audioPlay":false,"sceneViewState":{"m_AlwaysRefresh":false,"showFog":true,"showSkybox":false,"showFlares":true,"showImageEffects":true,"showParticleSystems":true,"showVisualEffectGraphs":true,"m_FxEnabled":true},"in2DMode":false,"pivot":{"x":-13.819170951843262,"y":8.688563346862793,"z":-2.5327179431915285},"rotation":{"x":0.0298018679022789,"y":0.9703826904296875,"z":-0.19181950390338899,"w":0.14543554186820985},"size":1.2247449159622193,"orthographic":false}