{"cameraMode":{"drawMode":0,"name":"Shaded","section":"Shading Mode"},"sceneLighting":false,"audioPlay":false,"sceneViewState":{"m_AlwaysRefresh":false,"showFog":true,"showSkybox":false,"showFlares":true,"showImageEffects":true,"showParticleSystems":true,"showVisualEffectGraphs":true,"m_FxEnabled":true},"in2DMode":false,"pivot":{"x":-7.6719584465026859,"y":8.304141998291016,"z":-14.20688247680664},"rotation":{"x":-0.008965471759438515,"y":0.9596074819564819,"z":-0.2799414098262787,"w":-0.034397296607494357},"size":1.2247449159622193,"orthographic":false}